validation_type,r2,rmse,mae,n_train,n_test
sample,0.9672532944430262,0.3491273659099599,0.25981153966175813,20736,5184
site,0.8805036974662331,0.815000319248144,0.58019917956832,24768,1152
temporal,0.8876504385315528,0.612234467321181,0.4419464830506786,24192,1728
